Momentum Rank,Value Rank,Profitability Rank,Ticker_s,Ticker,Name,MKT CAP (US$M),Sector,1Y Return,P/S,P/E,P/FCF,P/B,ROA,ROE,Gross margin,GPOA
218,139,371,7203,7203,TOYOTA MOTOR CORP," 188,060 ",Consumer Durables,-2%,0.9,10.3,,1.1,4%,10%,18%,8%
57,226,305,9432,9432,NIPPON TEL & TEL CORP," 97,791 ",Communications,27%,1.2,12.1,14.9,1.8,5%,15%,20%,10%
398,247,291,6758,6758,SONY GROUP CORPORATION," 81,379 ",Electronic Technology,-25%,1.2,13.7,,1.7,3%,13%,34%,11%
437,474,38,6861,6861,KEYENCE CORP," 79,327 ",Electronic Technology,-29%,15.4,36.9,61.3,5.4,14%,15%,82%,27%
87,269,124,9433,9433,KDDI CORPORATION," 65,924 ",Communications,15%,1.8,14.2,11.6,1.9,6%,14%,45%,22%
390,218,411,9984,9984,SOFTBANK GROUP CORP," 62,162 ",Communications,-14%,1.6,,,1,-12%,-62%,63%,7%
126,122,466,8306,8306,MITSUBISHI UFJ FINANCIAL GROUP INC," 59,564 ",Finance,5%,1.6,10.3,,0.5,0%,5%,,
143,437,50,9983,9983,FAST RETAILING CO LTD," 58,470 ",Retail Trade,11%,3.7,31.5,25.7,5.5,10%,20%,45%,32%
16,493,246,4568,4568,DAIICHI SANKYO COMPANY LIMITED," 57,444 ",Health Technology,58%,8.1,167.8,207.7,6.3,2%,4%,68%,30%
58,422,22,7974,7974,NINTENDO CO LTD," 53,067 ",Consumer Durables,21%,4.2,14.2,175.4,3.5,21%,26%,56%,36%
479,404,20,6098,6098,RECRUIT HOLDINGS CO LTD," 48,964 ",Technology Services,-38%,2.5,23.7,22.7,5.2,12%,22%,54%,57%
237,349,122,9434,9434,SOFTBANK CORP.," 46,639 ",Communications,-6%,1.2,14,65.7,4.1,4%,32%,49%,22%
286,441,192,6367,6367,DAIKIN INDUSTRIES," 43,356 ",Producer Manufacturing,-15%,2.1,31.1,80.8,3.3,6%,11%,33%,25%
118,498,420,4661,4661,ORIENTAL LAND CO," 43,014 ",Consumer Services,6%,24,250.2,,8.5,2%,3%,27%,5%
388,316,73,4063,4063,SHIN-ETSU CHEMICAL CO," 42,194 ",Process Industries,-24%,3,10.5,32.9,1.9,15%,19%,43%,21%
236,189,289,6501,6501,HITACHI," 42,057 ",Producer Manufacturing,-7%,0.6,12.4,18.5,1.4,4%,12%,25%,18%
379,412,15,8035,8035,TOKYO ELECTRON," 40,894 ",Producer Manufacturing,-22%,2.9,13.5,162.3,4.2,26%,36%,45%,49%
80,62,295,8058,8058,MITSUBISHI CORP," 40,621 ",Distribution Services,12%,0.3,4.7,14.9,0.9,6%,19%,13%,9%
323,427,8,4519,4519,CHUGAI PHARMACEUTICAL CO," 40,142 ",Health Technology,-9%,5.9,15.2,53.4,5,27%,33%,63%,41%
78,273,362,4502,4502,TAKEDA PHARMACEUTICAL CO LTD," 40,005 ",Health Technology,15%,1.7,29.9,9,1,1%,3%,54%,15%
123,161,458,8316,8316,SUMITOMO MITSUI FINANCIAL GROUP INC," 38,706 ",Finance,5%,1.4,7.4,38.1,0.5,0%,6%,,
104,115,248,8001,8001,ITOCHU CORP," 38,569 ",Distribution Services,15%,0.5,7.3,12.1,1.4,6%,19%,15%,12%
217,37,404,7267,7267,HONDA MOTOR CO," 38,364 ",Consumer Durables,-7%,0.4,8.8,4.9,0.5,3%,6%,20%,11%
274,262,385,6902,6902,DENSO CORP," 37,202 ",Producer Manufacturing,-10%,1,24.1,,1.3,3%,5%,22%,17%
39,182,366,8766,8766,TOKIO MARINE HOLDINGS INC," 36,176 ",Finance,28%,1,14.1,5.3,1.3,1%,10%,,
369,462,6,7741,7741,HOYA CORP," 34,877 ",Health Technology,-18%,8,30.8,40.4,6.5,18%,22%,78%,50%
53,70,300,8031,8031,MITSUI & CO," 34,329 ",Process Industries,22%,0.4,5.2,11.5,0.9,7%,19%,9%,7%
51,229,332,3382,3382,SEVEN & I HOLDINGS CO LTD," 33,851 ",Retail Trade,18%,0.6,20.9,15.9,1.7,3%,8%,25%,23%
449,434,293,6594,6594,NIDEC CORPORATION," 30,979 ",Producer Manufacturing,-39%,2.4,31.1,,3.5,6%,11%,22%,14%
350,329,77,6981,6981,MURATA MANUFACTURING CO," 30,432 ",Electronic Technology,-19%,2.5,14.3,26.7,2,12%,15%,42%,27%
168,248,148,2914,2914,JAPAN TOBACCO INC," 29,406 ",Consumer Non-Durables,6%,1.9,11.5,15.8,1.5,6%,12%,54%,19%
152,100,474,8411,8411,MIZUHO FINANCIAL GROUP," 28,038 ",Finance,3%,1.4,9.4,1.2,0.5,0%,5%,,
330,452,180,6954,6954,FANUC CORPORATION," 26,670 ",Producer Manufacturing,-18%,5.3,24.8,939.6,2.5,9%,10%,39%,16%
88,446,26,7733,7733,OLYMPUS CORPORATION," 26,192 ",Health Technology,19%,4.5,31.8,26.7,7.5,9%,25%,66%,37%
272,418,96,6273,6273,SMC CORP," 25,986 ",Producer Manufacturing,-14%,5.3,17.2,116.9,2.4,13%,14%,50%,19%
125,140,488,7182,7182,JAPAN POST BANK CO LTD," 25,439 ",Finance,5%,1.9,11.5,,0.4,0%,3%,,
226,401,121,4503,4503,ASTELLAS PHARMA," 24,892 ",Health Technology,1%,2.9,31.4,24.9,2.5,5%,8%,77%,41%
228,360,145,5108,5108,BRIDGESTONE CORP," 24,414 ",Consumer Durables,-1%,1.1,31,189.9,1.4,6%,11%,41%,24%
124,26,485,6178,6178,JAPAN POST HLDGS CO LTD," 24,140 ",Finance,10%,0.3,8,2.6,0.3,0%,4%,,
225,378,462,9022,9022,CENTRAL JAPAN RAILWAY CO," 23,319 ",Transportation,0%,3.7,148.2,,1,0%,1%,26%,2%
105,215,209,7751,7751,CANON INC," 23,046 ",Electronic Technology,14%,1,16.1,15.9,1.2,4%,7%,46%,32%
368,453,193,4543,4543,TERUMO CORP," 22,772 ",Health Technology,-14%,4.7,39.9,43.7,3.3,6%,8%,52%,22%
436,317,160,6702,6702,FUJITSU," 21,815 ",Technology Services,-24%,0.9,18.2,57.5,2,6%,11%,31%,35%
182,359,467,9020,9020,EAST JAPAN RAILWAY CO," 20,584 ",Transportation,8%,1.6,3313.5,,1.3,0%,0%,24%,3%
360,236,276,6503,6503,MITSUBISHI ELECTRIC CORP," 20,447 ",Electronic Technology,-13%,0.7,16.9,48.3,1,4%,6%,32%,29%
358,319,227,9613,9613,NTT DATA CORP," 20,037 ",Commercial Services,-8%,1.1,19.2,31,2.3,5%,12%,27%,22%
488,332,349,4689,4689,Z HOLDINGS CORPORATION," 19,695 ",Technology Services,-46%,1.9,38.4,23.7,1.1,1%,3%,68%,15%
485,485,23,2413,2413,M3 INC," 19,490 ",Technology Services,-43%,13.7,47.5,71.8,11.1,19%,25%,59%,33%
421,211,225,4901,4901,FUJIFILM HOLDINGS CORPORATION," 18,601 ",Consumer Durables,-23%,1.1,14,19.4,1.1,5%,8%,40%,24%
159,463,139,8113,8113,UNICHARM CORP," 18,464 ",Consumer Non-Durables,1%,3.5,42.8,59.4,5,6%,11%,37%,27%
139,198,410,8801,8801,MITSUI FUDOSAN," 18,396 ",Finance,5%,1.3,14.1,,1,2%,7%,22%,5%
85,307,363,6971,6971,KYOCERA CORP," 18,122 ",Electronic Technology,7%,1.4,16.7,672.7,0.9,4%,6%,28%,12%
282,416,170,4452,4452,KAO CORP," 17,780 ",Consumer Non-Durables,-15%,1.9,28.2,60,2.8,6%,10%,36%,31%
115,265,364,8802,8802,MITSUBISHI ESTATE CO," 17,370 ",Finance,7%,1.9,14.1,,1.3,3%,9%,29%,6%
258,300,220,4578,4578,OTSUKA HLDGS CO LTD," 17,096 ",Health Technology,-3%,1.7,24.4,18.8,1.3,4%,5%,66%,32%
232,205,230,6301,6301,KOMATSU," 17,096 ",Producer Manufacturing,-8%,0.9,9.5,42.6,1.1,6%,12%,28%,16%
190,107,351,8591,8591,ORIX CORPORATION," 16,823 ",Finance,-4%,1,8.2,3.3,0.8,2%,10%,36%,6%
403,43,314,6752,6752,PANASONIC HOLDINGS CORP," 16,618 ",Consumer Durables,-25%,0.3,10.7,,0.8,3%,7%,28%,24%
447,451,205,4523,4523,EISAI CO," 16,276 ",Health Technology,1%,3.1,72.5,38.1,3.2,3%,4%,75%,45%
220,14,415,8750,8750,DAI-ICHI LIFE HOLDINGS INC," 16,139 ",Finance,-7%,0.3,6.9,,0.5,1%,8%,,
223,270,119,6723,6723,RENESAS ELECTRONICS CORP," 16,071 ",Electronic Technology,-10%,2.3,11.8,10.3,2,8%,17%,48%,15%
72,134,289,8053,8053,SUMITOMO CORP," 16,071 ",Process Industries,15%,0.4,4.6,108.8,0.7,6%,17%,18%,10%
311,228,324,6326,6326,KUBOTA CORP," 16,071 ",Producer Manufacturing,-18%,1.1,14.7,,1.4,4%,9%,27%,14%
191,299,374,8267,8267,AEON CO LTD," 15,934 ",Retail Trade,5%,0.3,118.7,,2.5,0%,2%,36%,23%
162,254,187,6502,6502,TOSHIBA CORP," 15,865 ",Producer Manufacturing,10%,0.7,11.7,45.5,1.9,5%,17%,26%,23%
431,199,422,6201,6201,TOYOTA INDUSTRIES CORP," 15,387 ",Producer Manufacturing,-25%,0.8,13,77.3,0.6,2%,5%,22%,8%
346,444,339,4612,4612,NIPPON PAINT HOLDINGS CO LTD," 15,318 ",Process Industries,-21%,2.2,34.5,215.3,2.4,3%,6%,37%,15%
261,186,342,7269,7269,SUZUKI MOTOR CORP," 15,318 ",Consumer Durables,-12%,0.6,17,,1.2,3%,7%,24%,20%
21,84,267,8002,8002,MARUBENI CORP," 15,250 ",Distribution Services,35%,0.3,4.4,19.4,1.1,6%,25%,11%,10%
38,373,66,3659,3659,NEXON CO LTD," 14,840 ",Technology Services,26%,8.3,18.3,20.1,2.7,13%,15%,73%,19%
295,197,333,2502,2502,ASAHI GROUP HLDGS," 14,703 ",Consumer Non-Durables,-18%,1,16.5,11.2,1.2,3%,7%,37%,16%
108,104,447,8725,8725,MS&AD INS GP HLDGS," 14,703 ",Finance,4%,0.4,10.6,18.6,0.7,1%,6%,,
86,411,166,2802,2802,AJINOMOTO CO INC," 14,703 ",Consumer Non-Durables,19%,1.9,27.2,42.5,3.2,5%,12%,36%,26%
112,377,34,7832,7832,BANDAI NAMCO HOLDINGS INC," 14,566 ",Consumer Durables,11%,2.4,19.7,26.6,3.7,14%,20%,41%,42%
353,447,72,4307,4307,NOMURA RESEARCH INSTITUTE," 14,293 ",Technology Services,-15%,3.4,29,34.8,6.1,10%,22%,35%,27%
61,108,361,8630,8630,SOMPO HOLDINGS INC," 14,156 ",Finance,22%,0.5,10.1,3.7,1,2%,10%,,
12,112,212,1605,1605,INPEX CORPORATION," 14,019 ",Energy Minerals,51%,1.7,5.9,5.6,0.7,6%,11%,56%,10%
465,433,48,4911,4911,SHISEIDO COMPANY LIMITED," 13,951 ",Consumer Non-Durables,-32%,2,27.3,74.6,3.8,6%,14%,72%,58%
294,399,69,4507,4507,SHIONOGI & CO," 13,814 ",Health Technology,-12%,6.2,17.7,53.1,2.1,11%,12%,82%,23%
387,68,325,1925,1925,DAIWA HOUSE INDUSTRY CO," 13,198 ",Consumer Durables,-22%,0.4,8.8,,1,4%,11%,19%,15%
113,54,221,5401,5401,NIPPON STEEL CORPORATION," 13,130 ",Non-Energy Minerals,5%,0.3,3,28.1,0.6,8%,21%,18%,13%
396,396,44,7309,7309,SHIMANO INC," 12,993 ",Consumer Durables,-30%,3.7,15.4,47.5,3.2,18%,20%,43%,30%
166,323,283,9735,9735,SECOM CO," 12,788 ",Commercial Services,6%,1.8,20.1,27.1,1.7,5%,9%,30%,17%
293,484,47,4684,4684,OBIC CO LTD," 12,720 ",Technology Services,-3%,20.7,40.4,83.4,6.3,15%,16%,78%,22%
116,288,200,2503,2503,KIRIN HOLDINGS COMPANY LIMITED," 12,309 ",Consumer Non-Durables,6%,1,20,19.5,2.1,4%,10%,43%,30%
359,417,116,4151,4151,KYOWA KIRIN CO LTD," 12,309 ",Health Technology,-11%,5.1,29,30.2,2.4,7%,8%,73%,27%
341,25,465,7201,7201,NISSAN MOTOR CO," 12,241 ",Consumer Durables,-25%,0.2,12.2,,0.4,1%,3%,16%,8%
137,227,429,7270,7270,SUBARU CORPORATION," 11,967 ",Consumer Durables,-2%,0.6,22.5,29,0.9,2%,4%,18%,13%
468,497,31,6920,6920,LASERTEC CORP," 11,967 ",Electronic Technology,-25%,18.6,67.5,,23,17%,39%,53%,27%
41,159,203,6762,6762,TDK CORP," 11,762 ",Electronic Technology,15%,0.9,9.5,,1.3,6%,15%,30%,17%
28,409,41,4528,4528,ONO PHARMACEUTICAL CO," 11,420 ",Health Technology,40%,4.7,19.8,53.1,2.6,11%,13%,74%,35%
169,114,244,1928,1928,SEKISUI HOUSE," 11,147 ",Finance,1%,0.6,8.9,,1.1,6%,12%,21%,17%
7,136,401,7011,7011,MITSUBISHI HEAVY INDUSTRIES," 11,078 ",Electronic Technology,56%,0.4,13.7,11.6,1,2%,8%,17%,12%
487,465,58,6869,6869,SYSMEX CORP," 11,078 ",Health Technology,-45%,4.5,39.2,60.9,4.7,9%,12%,52%,39%
253,28,353,8015,8015,TOYOTA TSUSHO CORP," 11,078 ",Non-Energy Minerals,-10%,0.2,6.8,,0.9,4%,14%,10%,11%
366,193,354,8830,8830,SUMITOMO REALTY & DEVELOPMENT CO," 11,010 ",Finance,-19%,1.8,10.7,,1,3%,10%,32%,5%
132,99,452,8309,8309,SUMITOMO MITSUI TRUST HOLDINGS INC," 10,942 ",Finance,8%,1.3,8.8,,0.6,0%,7%,,
148,6,229,5020,5020,ENEOS HOLDINGS INC," 10,600 ",Energy Minerals,3%,0.1,2.3,,0.5,7%,24%,14%,15%
345,460,115,2801,2801,KIKKOMAN CORP," 10,600 ",Consumer Non-Durables,-15%,3,39.8,63.4,4.4,8%,11%,34%,32%
96,280,196,2587,2587,SUNTORY BEVERAGE & FOOD LIMITED," 10,395 ",Consumer Non-Durables,11%,1.2,18.3,16.5,1.8,5%,10%,40%,26%
141,351,140,7532,7532,PAN PACIFIC INTL HLDGS CORP," 10,326 ",Retail Trade,3%,0.9,25.3,34,3.9,4%,15%,30%,37%
324,121,393,8604,8604,NOMURA HOLDINGS INC.," 9,848 ",Finance,-16%,1,15.8,2.3,0.5,0%,3%,71%,2%
151,257,490,9021,9021,WEST JAPAN RAILWAY CO," 9,779 ",Transportation,9%,1.3,,,1.5,-1%,-3%,10%,1%
478,297,54,9843,9843,NITORI HOLDINGS CO LTD," 9,711 ",Retail Trade,-39%,1.7,14.6,,1.9,10%,13%,52%,40%
470,410,166,6645,6645,OMRON CORP," 9,437 ",Electronic Technology,-36%,1.8,27.8,101.1,2,6%,7%,45%,37%
55,160,480,8308,8308,RESONA HOLDINGS," 9,369 ",Finance,28%,1.7,12.6,,0.6,0%,4%,,
199,290,499,9202,9202,ANA HOLDINGS INC," 9,369 ",Transportation,6%,1.4,,,1.8,-3%,-11%,1%,-2%
60,58,153,9101,9101,NIPPON YUSEN KABUSHIKI KAISHA," 9,300 ",Transportation,3%,0.6,1.1,7.3,0.8,42%,87%,20%,13%
422,123,264,6701,6701,NEC CORP," 8,958 ",Technology Services,-23%,0.4,10.4,22.2,0.9,4%,9%,29%,24%
383,59,251,3407,3407,ASAHI KASEI CORP," 8,890 ",Process Industries,-24%,0.5,9.1,,0.8,4%,9%,31%,22%
389,395,9,6857,6857,ADVANTEST CORP," 8,890 ",Electronic Technology,-21%,3.3,12.9,52,4.5,22%,34%,57%,42%
102,181,346,7202,7202,ISUZU MOTORS," 8,822 ",Consumer Durables,6%,0.5,11.2,35.7,1.1,4%,10%,18%,15%
24,414,101,2267,2267,YAKULT HONSHA CO," 8,753 ",Consumer Non-Durables,42%,3.2,29.7,28.4,3,7%,10%,60%,35%
457,313,146,9143,9143,SG HOLDINGS CO LTD," 8,753 ",Transportation,-31%,0.8,11.6,290.5,2.6,13%,24%,13%,23%
219,194,129,4324,4324,DENTSU GROUP INC," 8,343 ",Commercial Services,8%,1.2,11,11.7,1.5,3%,13%,90%,24%
146,310,406,9201,9201,JAPAN AIRLINES CO LTD," 8,275 ",Transportation,11%,1.8,,,1.6,-6%,-17%,55%,10%
122,423,13,6146,6146,DISCO CORPORATION," 8,275 ",Producer Manufacturing,9%,4.4,14.3,98.2,3.8,20%,27%,63%,36%
184,57,404,5802,5802,SUMITOMO ELECTRIC INDUSTRIES," 8,069 ",Producer Manufacturing,-3%,0.4,12.8,,0.7,3%,5%,17%,16%
167,238,103,6988,6988,NITTO DENKO CORP," 8,001 ",Electronic Technology,-3%,1.4,11.5,24,1.4,10%,13%,36%,26%
154,172,394,3402,3402,TORAY INDUSTRIES INC," 7,796 ",Process Industries,-2%,0.5,12.3,39.5,0.8,3%,7%,19%,13%
335,490,39,3064,3064,MONOTARO CO.LTD," 7,591 ",Distribution Services,-13%,5.9,60.1,,18.7,19%,31%,28%,51%
247,144,177,5713,5713,SUMITOMO METAL MINING CO," 7,591 ",Non-Energy Minerals,-11%,0.9,3.6,37,0.8,15%,24%,22%,11%
382,392,84,7701,7701,SHIMADZU CORP," 7,522 ",Health Technology,-19%,2.6,23.6,29.9,2.9,9%,13%,41%,32%
34,86,344,9531,9531,TOKYO GAS CO," 7,522 ",Utilities,31%,0.5,10.2,,0.9,4%,9%,25%,14%
50,322,478,9042,9042,HANKYU HANSHIN HOLDINGS INC," 7,317 ",Transportation,28%,1.5,31.1,,1.3,1%,4%,10%,2%
312,436,127,6506,6506,YASKAWA ELECTRIC CORP," 7,249 ",Producer Manufacturing,-19%,2.2,26,79.4,3.6,7%,14%,35%,25%
42,438,36,4704,4704,TREND MICRO INC," 7,180 ",Technology Services,19%,5.5,28.7,27.6,4.8,9%,18%,77%,32%
17,79,216,9104,9104,MITSUI O.S.K. LINES LTD," 7,180 ",Transportation,31%,0.8,1.2,8.6,0.8,33%,83%,13%,5%
433,443,12,4716,4716,ORACLE CORP JAPAN," 7,112 ",Technology Services,-22%,4.8,20.5,,8.3,25%,50%,49%,47%
239,18,421,7259,7259,AISIN CORPORATION," 7,044 ",Producer Manufacturing,-8%,0.3,8.8,,0.6,3%,7%,10%,10%
164,348,442,9005,9005,TOKYU CORP," 7,044 ",Transportation,6%,1.2,156.7,,1.5,0%,1%,28%,9%
494,110,495,4755,4755,RAKUTEN GROUP INC," 7,044 ",Consumer Services,-47%,0.6,,6.1,0.9,-1%,-23%,-18%,3%
455,435,280,8697,8697,JAPAN EXCHANGE GROUP," 6,975 ",Finance,-31%,7.7,20.8,61.8,3.3,0%,17%,78%,0%
290,151,141,7272,7272,YAMAHA MOTOR CO," 6,907 ",Consumer Durables,-5%,0.6,7.1,26.7,1.2,7%,16%,27%,24%
271,455,65,6965,6965,HAMAMATSU PHOTONICS," 6,839 ",Electronic Technology,-2%,5.9,25.9,67.6,4.2,12%,16%,53%,23%
74,82,482,9503,9503,KANSAI ELECTRIC POWER CO INC," 6,839 ",Utilities,4%,0.4,17.2,,0.6,1%,4%,1%,4%
401,94,282,5201,5201,AGC INC," 6,839 ",Consumer Durables,-23%,0.6,7.7,14.3,0.8,5%,10%,29%,17%
160,321,204,6963,6963,ROHM CO LTD," 6,791 ",Electronic Technology,1%,2.2,12.4,89.1,1.2,8%,10%,37%,15%
307,242,251,4091,4091,NIPPON SANSO HOLDINGS CORPORATION," 6,722 ",Process Industries,-17%,1.1,15.5,16.7,1.6,3%,11%,37%,17%
165,224,171,1878,1878,DAITO TRUST CONSTRUCTION CO," 6,640 ",Finance,3%,0.6,14.1,13.1,2.7,7%,20%,16%,26%
111,406,215,2897,2897,NISSIN FOODS HOLDINGS CO. LTD.," 6,633 ",Consumer Non-Durables,9%,1.8,28.4,58.5,2.4,5%,9%,34%,28%
163,90,211,5019,5019,IDEMITSU KOSAN CO.LTD," 6,620 ",Energy Minerals,-1%,0.1,2.6,64.2,0.7,8%,26%,13%,17%
37,365,109,3626,3626,TIS INC.," 6,579 ",Technology Services,26%,2,23.9,19.1,3.4,10%,15%,27%,31%
31,341,383,9041,9041,KINTETSU GROUP HOLDINGS CO LTD," 6,565 ",Transportation,40%,1.4,22.2,27.4,2.6,2%,12%,19%,6%
445,48,272,4188,4188,MITSUBISHI CHEMICAL GROUP CORP," 6,394 ",Process Industries,-32%,0.3,5.9,19.8,0.7,3%,12%,27%,19%
211,381,433,5486,5486,HITACHI METALS," 6,374 ",Producer Manufacturing,1%,1,38.7,347.8,1.8,2%,5%,14%,12%
173,444,28,4021,4021,NISSAN CHEMICAL CORPORATION," 6,367 ",Electronic Technology,3%,4.6,21.7,69.9,4.6,17%,22%,49%,35%
145,10,492,9502,9502,CHUBU ELECTRIC POWER CO INC," 6,353 ",Utilities,-6%,0.3,,,0.5,-1%,-3%,-1%,3%
461,430,218,7951,7951,YAMAHA CORP," 6,278 ",Consumer Durables,-25%,2.4,29.6,92.9,2.3,6%,8%,38%,26%
265,414,197,9602,9602,TOHO CO LTD," 6,264 ",Consumer Services,-5%,4,25.3,41.7,2.3,7%,9%,45%,17%
454,456,1,3092,3092,ZOZO INC," 6,209 ",Retail Trade,-27%,5.4,25.3,40.8,16.5,35%,91%,93%,128%
75,50,358,9532,9532,OSAKA GAS CO," 6,182 ",Utilities,14%,0.6,8.5,,0.7,4%,9%,21%,13%
92,72,436,8593,8593,MITSUBISHI HC CAPITAL INC," 6,168 ",Finance,7%,0.5,9.3,5.5,0.7,1%,8%,20%,3%
423,339,157,4768,4768,OTSUKA CORPORATION," 6,114 ",Technology Services,-18%,1,22.7,33.7,3,8%,14%,21%,33%
462,405,46,9962,9962,MISUMI GROUP INC," 6,032 ",Producer Manufacturing,-35%,2.5,23.9,33.6,3.2,11%,14%,46%,46%
305,235,112,2269,2269,MEIJI HOLDINGS CO LTD," 5,963 ",Consumer Non-Durables,-13%,0.9,9.8,62.2,1.3,8%,14%,31%,28%
302,123,367,8601,8601,DAIWA SECURITIES GROUP," 5,826 ",Finance,-15%,1.4,10.4,,0.6,0%,6%,83%,2%
364,196,250,6479,6479,MINEBEA MITSUMI INC," 5,820 ",Producer Manufacturing,-26%,0.8,13.3,,1.6,6%,13%,19%,18%
81,7,471,7181,7181,JAPAN POST INSURANCE CO LTD," 5,813 ",Finance,11%,0.3,6.7,,0.4,0%,5%,,
459,374,232,6383,6383,DAIFUKU CO LTD," 5,785 ",Producer Manufacturing,-34%,1.7,25.3,31.2,3,7%,12%,18%,20%
178,464,94,4922,4922,KOSE CORPORATION," 5,765 ",Consumer Non-Durables,6%,2.9,44.6,92.9,3.7,6%,8%,68%,61%
189,334,78,9766,9766,KONAMI GROUP CORPORATION," 5,744 ",Technology Services,-5%,2.9,16.3,17,2.4,10%,16%,43%,25%
260,392,174,4739,4739,ITOCHU TECHNO-SOLUTIONS CORP," 5,642 ",Commercial Services,-1%,1.6,24.1,61.3,2.9,7%,13%,25%,25%
276,66,216,4005,4005,SUMITOMO CHEMICAL COMPANY," 5,580 ",Process Industries,-14%,0.3,4.2,27.7,0.7,4%,16%,31%,18%
241,216,317,3003,3003,HULIC CO LTD," 5,498 ",Finance,-6%,1.7,11.4,14.4,1.3,3%,12%,33%,7%
365,4,280,5411,5411,JFE HOLDINGS INC," 5,443 ",Non-Energy Minerals,-20%,0.2,2.6,,0.4,6%,16%,15%,12%
157,361,18,9684,9684,SQUARE ENIX HOLDINGS CO.LTD.," 5,430 ",Technology Services,13%,2.2,14,50.9,2.8,16%,21%,54%,51%
153,142,315,7912,7912,DAI NIPPON PRINTING CO," 5,423 ",Commercial Services,3%,0.6,8,46.2,0.7,5%,9%,22%,16%
221,275,98,9435,9435,HIKARI TSUSHIN INC," 5,396 ",Communications,1%,1.4,8.6,56.7,1.7,7%,21%,50%,20%
424,176,402,9064,9064,YAMATO HOLDINGS CO LTD," 5,389 ",Transportation,-22%,0.5,18.2,,1.4,4%,8%,7%,12%
98,138,390,1801,1801,TAISEI CORP," 5,361 ",Industrial Services,8%,0.5,11.1,17.7,0.9,4%,9%,12%,10%
94,432,17,9697,9697,CAPCOM CO LTD," 5,361 ",Technology Services,16%,7.3,33,18,5.5,13%,17%,84%,47%
356,353,131,5332,5332,TOTO LTD," 5,307 ",Producer Manufacturing,-20%,1.2,18.9,173.6,1.9,6%,10%,36%,34%
195,214,297,4204,4204,SEKISUI CHEMICAL CO," 5,279 ",Process Industries,-5%,0.7,20.1,16.9,1.2,3%,6%,30%,28%
67,291,134,3088,3088,MATSUKIYOCOCOKARA & CO," 5,259 ",Retail Trade,14%,1,21.6,23.8,1.8,7%,11%,31%,35%
450,489,91,3769,3769,GMO PAYMENT GATEWAY INC," 5,252 ",Finance,-29%,18.2,33.3,,13.6,10%,34%,66%,10%
216,16,496,8795,8795,T&D HOLDINGS INC," 5,238 ",Finance,-10%,0.4,,,0.6,0%,-1%,,
27,13,493,9501,9501,TOKYO ELEC POWER CO HLDGS INC," 5,225 ",Utilities,38%,0.5,,,0.4,0%,-2%,1%,0%
493,183,263,6586,6586,MAKITA CORP," 5,136 ",Consumer Durables,-51%,1,14.1,,1,6%,7%,30%,21%
100,225,183,6504,6504,FUJI ELECTRIC CO. LTD.," 5,115 ",Producer Manufacturing,4%,0.8,11.8,28.5,1.6,6%,14%,28%,23%
9,97,224,7211,7211,MITSUBISHI MOTOR CORP," 5,033 ",Consumer Durables,28%,0.4,7,11.9,1.2,6%,18%,19%,20%
76,119,308,7911,7911,TOPPAN INC," 5,013 ",Commercial Services,17%,0.5,5.7,85,0.5,6%,10%,22%,15%
301,468,33,3635,3635,KOEI TECMO HOLDINGS CO LTD," 4,999 ",Technology Services,-14%,10.1,25.9,78.4,5,15%,20%,74%,25%
82,384,426,9001,9001,TOBU RAILWAY CO," 4,978 ",Transportation,22%,1.5,37.7,71.6,1.6,1%,4%,28%,7%
2,343,403,9086,9086,HITACHI TRANSPORT SYSTEM," 4,931 ",Transportation,81%,1,45.9,14,4.2,2%,9%,13%,12%
326,68,214,8473,8473,SBI HOLDINGS INC," 4,855 ",Finance,-14%,1.2,2.2,,0.7,3%,45%,69%,2%
231,111,84,6724,6724,SEIKO EPSON CORP," 4,814 ",Electronic Technology,-6%,0.6,6.9,12.6,1.1,8%,16%,37%,31%
284,469,135,3038,3038,KOBE BUSSAN CO LTD," 4,787 ",Retail Trade,-17%,2,34.3,34661.7,8.9,13%,25%,12%,25%
233,174,323,7752,7752,RICOH CO," 4,725 ",Electronic Technology,-5%,0.4,21.6,22.9,0.8,2%,4%,36%,30%
255,335,152,9719,9719,SCSK CORP," 4,705 ",Commercial Services,-5%,1.7,20.9,19.1,2.8,8%,14%,26%,26%
210,20,360,1812,1812,KAJIMA CORP," 4,698 ",Industrial Services,-6%,0.3,6.8,,0.7,5%,11%,12%,11%
128,376,130,6806,6806,HIROSE ELECTRIC CO," 4,650 ",Electronic Technology,8%,4.3,20.1,31,2.1,9%,11%,47%,19%
267,284,97,2181,2181,PERSOL HOLDINGS CO LTD," 4,630 ",Commercial Services,0%,0.6,20.2,15.7,3.7,8%,19%,22%,54%
202,106,468,1802,1802,OBAYASHI CORP," 4,630 ",Consumer Durables,-4%,0.4,18.1,,0.7,2%,4%,8%,6%
402,483,87,7747,7747,ASAHI INTECC CO LTD," 4,596 ",Health Technology,-17%,8.7,62.6,87.9,5.7,8%,10%,63%,32%
245,424,186,2702,2702,MCDONALD'S HOLDINGS COMPANY(JAPAN)," 4,582 ",Consumer Services,-2%,2.1,27.9,44.7,3.5,10%,13%,19%,24%
434,413,453,9007,9007,ODAKYU ELECTRIC RAILWAY CO," 4,575 ",Transportation,-27%,1.9,66.6,,2,1%,3%,25%,6%
467,277,431,7276,7276,KOITO MANUFACTURING CO LTD," 4,507 ",Producer Manufacturing,-39%,0.9,25,28.5,1.1,3%,5%,11%,11%
446,309,107,3141,3141,WELCIA HOLDINGS CO LTD," 4,493 ",Retail Trade,-25%,0.7,23.8,,3.3,6%,14%,31%,57%
120,190,108,6448,6448,BROTHER INDUSTRIES," 4,486 ",Electronic Technology,10%,0.9,11.2,19.9,1.2,7%,11%,40%,34%
142,431,475,9009,9009,KEISEI ELECTRIC RAILWAY CO," 4,486 ",Transportation,4%,3.1,194.1,,1.8,0%,1%,17%,4%
23,61,221,9107,9107,KAWASAKI KISEN KAISHA," 4,438 ",Transportation,33%,0.8,0.8,4,0.7,55%,107%,12%,4%
351,243,231,3436,3436,SUMCO CORPORATION," 4,411 ",Producer Manufacturing,-15%,1.7,10.9,24.2,1.3,8%,13%,29%,9%
291,418,468,9008,9008,KEIO CORPORATION," 4,377 ",Retail Trade,-11%,2.2,75,,1.9,1%,3%,17%,4%
177,337,236,6841,6841,YOKOGAWA ELECTRIC CORP," 4,308 ",Electronic Technology,6%,1.6,32.2,16.3,1.9,4%,6%,44%,30%
480,308,52,4751,4751,CYBER AGENT," 4,301 ",Technology Services,-40%,1,22.7,11.4,4.8,8%,22%,32%,62%
175,33,258,9147,9147,NIPPON EXPRESS HLDGS INC," 4,274 ",Transportation,7%,0.3,5.3,,1.1,8%,19%,10%,12%
439,205,190,3288,3288,OPEN HOUSE GROUP CO LTD," 4,219 ",Consumer Durables,-27%,0.8,8.6,22.6,2.2,8%,25%,20%,16%
158,171,462,8331,8331,CHIBA BANK," 4,192 ",Finance,10%,2.9,10.9,11.4,0.6,0%,5%,,
66,222,329,3231,3231,NOMURA REAL ESTATE HOLDINGS INC," 4,185 ",Finance,14%,1,9.6,92.1,1,3%,10%,31%,10%
416,385,191,6465,6465,HOSHIZAKI CORPORATION," 4,185 ",Producer Manufacturing,-14%,2.2,23.8,38.8,2.4,6%,9%,35%,24%
64,356,309,2875,2875,TOYO SUISAN KAISHA," 4,172 ",Consumer Non-Durables,24%,1.7,25.1,38.9,1.7,5%,7%,25%,19%
251,449,93,4967,4967,KOBAYASHI PHARMACEUTICALS," 4,151 ",Health Technology,-11%,4,31.7,56.5,3.2,8%,10%,56%,34%
119,24,357,7261,7261,MAZDA MOTOR CORP," 4,096 ",Consumer Durables,-12%,0.2,7.1,8.5,0.5,3%,7%,22%,22%
138,477,459,9706,9706,JAPAN AIRPORT TERMINAL CO," 4,089 ",Transportation,16%,10.7,,,4,-4%,-13%,32%,3%
440,185,479,8439,8439,TOKYO CENTURY CORPORATION," 4,062 ",Finance,-26%,0.5,49.7,2.5,0.9,0%,2%,16%,4%
429,21,261,3291,3291,IIDA GROUP HOLDINGS CO LTD," 4,014 ",Consumer Durables,-26%,0.4,6.1,,0.7,6%,11%,21%,17%
444,256,208,4062,4062,IBIDEN CO LTD," 4,001 ",Electronic Technology,-31%,1.4,12.5,23.1,1.6,7%,13%,30%,17%
246,394,267,6370,6370,KURITA WATER INDUSTRIES," 3,980 ",Producer Manufacturing,-7%,2,29.7,,2.1,4%,7%,36%,20%
476,466,90,4816,4816,TOEI ANIMATION," 3,966 ",Consumer Services,-32%,9.7,40.2,35,5.8,12%,15%,43%,21%
413,320,169,3349,3349,COSMOS PHARMACEUTICAL CORP," 3,946 ",Retail Trade,-18%,0.8,25,,3.1,7%,13%,20%,37%
313,473,7,6532,6532,BAYCURRENT CONSULTING INC," 3,918 ",Commercial Services,-17%,9.8,32,54.5,13.5,32%,44%,54%,50%
452,158,303,5938,5938,LIXIL CORPORATION," 3,905 ",Producer Manufacturing,-31%,0.5,16.4,12.1,1,2%,7%,37%,24%
495,492,21,2127,2127,NIHON M&A CENTER HOLDINGS INC," 3,905 ",Finance,-48%,14.2,58.6,105.3,11.2,18%,20%,58%,43%
29,372,79,7550,7550,ZENSHO HOLDINGS CO LTD," 3,898 ",Consumer Services,42%,0.9,33.3,29.6,5.5,4%,17%,52%,78%
193,145,184,5333,5333,NGK INSULATORS," 3,884 ",Producer Manufacturing,-7%,1.1,7.9,12.5,1,8%,13%,31%,18%
466,147,241,6753,6753,SHARP CORP," 3,857 ",Consumer Durables,-37%,0.2,6.7,75.8,1.2,4%,18%,17%,23%
370,51,201,6305,6305,HITACHI CONSTRUCTION MACHINERY," 3,809 ",Producer Manufacturing,-24%,0.6,6.5,,0.9,6%,15%,28%,18%
234,161,476,7186,7186,CONCORDIA FINANCIAL GROUP LTD," 3,802 ",Finance,-3%,2,11.1,12.5,0.5,0%,4%,,
95,157,418,3289,3289,TOKYU FUDOSAN HOLDINGS CORPORATION," 3,775 ",Finance,12%,0.6,11.4,26,0.9,2%,8%,20%,7%
114,424,163,2670,2670,ABC-MART INC," 3,768 ",Distribution Services,17%,2.3,27.3,149.6,1.9,6%,7%,49%,34%
6,150,153,5334,5334,NGK SPARK PLUG CO," 3,720 ",Producer Manufacturing,56%,1.1,7.7,13.1,1.1,9%,14%,33%,18%
32,379,53,4732,4732,USS CO LTD," 3,693 ",Retail Trade,22%,6.8,18.4,24.1,3,14%,17%,61%,22%
334,44,444,1803,1803,SHIMIZU CORP," 3,693 ",Industrial Services,-15%,0.4,11.3,,0.7,2%,6%,10%,7%
361,19,237,4183,4183,MITSUI CHEMICALS INC," 3,665 ",Process Industries,-23%,0.3,5.7,,0.8,5%,14%,22%,18%
363,403,100,6845,6845,AZBIL CORP," 3,659 ",Electronic Technology,-16%,2.1,26.2,,2.7,8%,11%,41%,40%
428,294,235,4185,4185,JSR CORP," 3,645 ",Electronic Technology,-31%,1.7,16.7,,1.6,5%,9%,38%,18%
214,213,481,5831,5831,SHIZUOKA FINANCIAL GROUP INC.," 3,604 ",Finance,7%,2.4,13,25.4,0.5,0%,4%,,
244,56,312,3861,3861,OJI HOLDINGS CORP," 3,570 ",Process Industries,-7%,0.4,5.9,19.4,0.6,4%,11%,22%,16%
40,397,51,4527,4527,ROHTO PHARMACEUTICAL CO," 3,556 ",Consumer Non-Durables,34%,2.7,22.8,31.2,3,9%,13%,58%,39%
460,480,4,2371,2371,KAKAKU.COM. INC," 3,542 ",Consumer Services,-31%,10.1,33.1,76.1,10.8,22%,34%,68%,46%
399,450,199,2593,2593,ITO EN LTD," 3,536 ",Consumer Non-Durables,-29%,1.7,53.8,75.3,4.2,4%,8%,39%,45%
20,257,300,3099,3099,ISETAN MITSUKOSHI HOLDINGS LTD," 3,522 ",Retail Trade,60%,1.3,19.9,25.4,1,2%,5%,59%,19%
406,301,285,4613,4613,KANSAI PAINT CO LTD," 3,515 ",Process Industries,-25%,1.4,20.5,,1.7,4%,9%,29%,19%
344,66,110,4042,4042,TOSOH CORP," 3,501 ",Process Industries,-17%,0.6,4.5,13,0.7,11%,17%,29%,24%
99,243,262,7731,7731,NIKON CORP," 3,440 ",Electronic Technology,7%,0.9,12.9,206.8,0.8,4%,7%,44%,21%
68,36,338,2768,2768,SOJITZ CORPORATION," 3,433 ",Non-Energy Minerals,12%,0.2,4.6,15.5,0.7,4%,15%,14%,9%
377,429,62,4516,4516,NIPPON SHINYAKU CO," 3,433 ",Health Technology,-16%,3.7,26.7,49.3,2.8,9%,11%,61%,39%
131,390,265,8252,8252,MARUI GROUP CO LTD," 3,426 ",Finance,9%,2.5,28,,1.9,2%,7%,87%,18%
319,350,270,5947,5947,RINNAI CORP," 3,412 ",Producer Manufacturing,-16%,1.4,20.5,333.3,1.5,5%,7%,32%,22%
367,192,181,8572,8572,ACOM CO," 3,406 ",Finance,-18%,1.9,9.6,14.3,0.9,4%,10%,98%,18%
56,126,462,8354,8354,FUKUOKA FINANCIAL GROUP INC.," 3,378 ",Finance,21%,1.8,8.9,6.7,0.5,0%,6%,,
70,310,394,9142,9142,KYUSHU RAILWAY COMPANY," 3,351 ",Transportation,19%,1.5,26.1,,1.3,2%,5%,31%,10%
47,96,321,7013,7013,IHI CORPORATION," 3,324 ",Producer Manufacturing,18%,0.4,8,6.9,1.3,3%,17%,18%,10%
438,283,81,6976,6976,TAIYO YUDEN CO LTD," 3,262 ",Electronic Technology,-31%,1.4,8.9,91.6,1.6,12%,19%,36%,25%
316,245,251,2651,2651,LAWSON INC," 3,221 ",Retail Trade,-12%,0.7,29.7,5.2,1.7,1%,6%,60%,30%
419,282,386,2002,2002,NISSHIN SEIFUN GROUP INC," 3,187 ",Process Industries,-15%,0.7,25.6,43.9,1,3%,4%,22%,20%
484,204,86,2433,2433,HAKUHODO DY HLDGS INC," 3,180 ",Commercial Services,-34%,0.5,8.7,125.2,1.3,6%,15%,42%,40%
204,286,494,8303,8303,SHINSEI BANK," 3,159 ",Finance,17%,1.7,212.5,,0.5,0%,0%,,
46,179,120,8227,8227,SHIMAMURA CO," 3,139 ",Retail Trade,29%,0.8,11.9,17.9,1.1,8%,9%,34%,41%
134,42,148,1911,1911,SUMITOMO FORESTRY CO," 3,098 ",Consumer Durables,6%,0.3,4.3,7.2,0.9,8%,21%,24%,21%
320,481,310,6324,6324,HARMONIC DRIVE SYSTEMS," 3,084 ",Producer Manufacturing,-11%,7.8,66,126.3,4.5,5%,7%,38%,14%
97,297,477,9048,9048,NAGOYA RAILROAD CO," 3,077 ",Transportation,16%,1,36.5,,1.2,1%,4%,11%,4%
256,272,55,6967,6967,SHINKO ELECTRIC INDUSTRIES CO," 3,050 ",Electronic Technology,-12%,1.6,7,37.4,2.2,21%,33%,34%,26%
349,292,111,4912,4912,LION CORP," 3,016 ",Consumer Non-Durables,-18%,1.3,19.1,,1.8,6%,10%,46%,43%
400,279,333,4581,4581,TAISHO PHARMACEUTICAL HLDG CO LTD," 2,968 ",Health Technology,-17%,1.6,24.6,41.9,0.6,2%,2%,61%,18%
375,172,179,6361,6361,EBARA CORP," 2,961 ",Producer Manufacturing,-23%,0.7,9.9,16.5,1.4,6%,14%,30%,22%
63,346,172,3774,3774,INTERNET INITIATIVE JAPAN INC," 2,947 ",Communications,19%,1.8,25,11.3,4,7%,17%,23%,21%
4,237,394,1963,1963,JGC HOLDINGS CORPORATION," 2,941 ",Industrial Services,52%,1,13.5,34.2,1.1,5%,8%,12%,7%
101,345,435,9006,9006,KEIKYU CORPORATION," 2,927 ",Transportation,20%,1.6,35.5,21.1,1.7,1%,5%,25%,4%
59,154,340,8804,8804,TOKYO TATEMONO CO," 2,920 ",Finance,19%,1.3,8.7,9.6,1,3%,12%,29%,6%
136,123,304,1808,1808,HASEKO CORPORATION," 2,913 ",Consumer Durables,3%,0.5,8,20.2,1,5%,13%,16%,14%
331,328,105,4403,4403,NOF CORP," 2,900 ",Process Industries,-11%,2.2,14.2,31.7,1.9,11%,14%,36%,24%
477,268,219,3391,3391,TSURUHA HOLDINGS INC," 2,886 ",Retail Trade,-37%,0.5,20,46.3,1.6,4%,8%,30%,52%
65,252,460,9024,9024,SEIBU HOLDINGS INC," 2,872 ",Consumer Services,10%,1.1,19,,1.4,1%,8%,10%,1%
71,338,417,9045,9045,KEIHAN HOLDINGS CO LTD," 2,872 ",Transportation,28%,1.7,25.5,,1.7,2%,7%,23%,6%
77,229,80,6460,6460,SEGA SAMMY HLDGS INC," 2,831 ",Technology Services,14%,1.4,11.8,18.4,1.4,9%,13%,39%,37%
174,232,489,8369,8369,BANK OF KYOTO," 2,824 ",Finance,4%,3.3,20.2,,0.4,0%,2%,,
205,302,137,9989,9989,SUNDRUG CO LTD," 2,817 ",Retail Trade,2%,0.6,18,74.5,1.9,7%,11%,24%,48%
492,129,92,4506,4506,SUMITOMO PHARMA CO LTD," 2,783 ",Health Technology,-47%,0.7,5,37.6,0.7,6%,13%,72%,26%
176,17,257,9831,9831,YAMADA HOLDINGS CO LTD," 2,776 ",Retail Trade,5%,0.2,8.5,,0.6,4%,7%,29%,34%
54,203,155,8060,8060,CANON MARKETING JAPAN INC," 2,770 ",Distribution Services,23%,0.7,12.1,32.7,1.1,7%,9%,35%,36%
298,325,221,7936,7936,ASICS CORP," 2,763 ",Consumer Non-Durables,-23%,1.1,40.1,11.9,2.9,3%,6%,46%,46%
192,127,457,7012,7012,KAWASAKI HEAVY INDUSTRIES," 2,735 ",Electronic Technology,0%,0.3,23.2,4.7,0.8,1%,4%,17%,11%
321,302,423,6923,6923,STANLEY ELECTRIC CO," 2,667 ",Producer Manufacturing,-15%,1,21.7,906.8,0.9,3%,4%,17%,11%
144,386,128,2229,2229,CALBEE INC," 2,653 ",Consumer Non-Durables,9%,1.6,22.6,99.3,2.2,8%,10%,33%,35%
481,273,136,4536,4536,SANTEN PHARMACEUTICAL CO," 2,633 ",Health Technology,-41%,1.5,14.8,29.4,1.2,6%,8%,55%,32%
418,421,43,7564,7564,WORKMAN CO LTD," 2,626 ",Distribution Services,-23%,3.2,20.1,59.7,3.6,16%,19%,39%,35%
181,472,3,4194,4194,VISIONAL INC," 2,626 ",Finance,17%,9.4,70.5,32.5,13.2,14%,23%,87%,83%
1,500,2,5032,5032,ANYCOLOR INC," 2,605 ",Commercial Services,164%,26.2,,,58.7,36%,57%,,54%
430,71,397,4004,4004,SHOWA DENKO KK," 2,599 ",Process Industries,-26%,0.2,11.4,9.9,0.7,2%,7%,23%,14%
343,38,312,4182,4182,MITSUBISHI GAS CHEMICAL CO INC," 2,592 ",Process Industries,-21%,0.6,7.8,,0.7,5%,9%,23%,16%
453,191,238,2331,2331,SOHGO SECURITY SERVICES CO.LTD.," 2,592 ",Commercial Services,-25%,0.8,14,14.5,1.3,6%,9%,25%,24%
36,11,439,9513,9513,ELECTRIC POWER DEVELOPMENT," 2,592 ",Utilities,29%,0.4,5.6,,0.4,2%,8%,11%,4%
338,92,451,7459,7459,MEDIPAL HOLDINGS CORP," 2,578 ",Distribution Services,-16%,0.1,14.6,12.3,0.7,2%,5%,6%,12%
278,146,443,6471,6471,NSK," 2,558 ",Producer Manufacturing,-12%,0.4,28.7,,0.6,1%,2%,19%,13%
491,287,87,7453,7453,RYOHIN KEIKAKU CO," 2,551 ",Consumer Non-Durables,-39%,0.7,14.6,79.8,1.5,6%,11%,47%,59%
448,239,172,7649,7649,SUGI HOLDINGS CO.LTD.," 2,537 ",Retail Trade,-28%,0.6,20.6,,1.8,5%,9%,30%,55%
238,250,461,8905,8905,AEON MALL CO LTD," 2,537 ",Finance,-6%,1.2,27.6,,0.9,1%,3%,20%,4%
201,129,293,4088,4088,AIR WATER INC," 2,530 ",Process Industries,-6%,0.4,9.2,25.3,0.9,4%,11%,26%,18%
229,140,60,7735,7735,SCREEN HOLDINGS CO LTD," 2,523 ",Producer Manufacturing,-13%,0.9,6.9,8.8,1.5,13%,24%,34%,28%
252,29,335,2282,2282,NH FOODS LTD," 2,523 ",Consumer Non-Durables,-11%,0.3,7.7,,0.8,4%,9%,16%,20%
93,75,255,5101,5101,YOKOHAMA RUBBER CO," 2,517 ",Consumer Durables,14%,0.5,7.1,13.4,0.7,4%,8%,36%,19%
235,324,274,3197,3197,SKYLARK HOLDINGS CO LTD," 2,455 ",Consumer Services,1%,1.3,55.8,8.8,2.2,1%,4%,53%,32%
474,368,61,4927,4927,POLA ORBIS HOLDINGS INC," 2,455 ",Consumer Non-Durables,-36%,2.1,23.6,31.9,2.1,8%,9%,82%,70%
405,270,428,6268,6268,NABTESCO CORP," 2,455 ",Producer Manufacturing,-23%,1.2,,20.9,1.5,-2%,-3%,26%,18%
299,153,248,6113,6113,AMADA CO LTD," 2,448 ",Producer Manufacturing,-11%,1.2,12.2,11.2,0.8,5%,6%,43%,20%
381,397,81,6028,6028,TECHNOPRO HOLDINGS INC," 2,448 ",Commercial Services,-7%,2,23.4,25.9,5.2,12%,25%,26%,31%
500,461,327,4385,4385,MERCARI INC," 2,428 ",Retail Trade,-67%,2.3,,,9.1,-3%,-20%,65%,28%
83,408,10,8111,8111,GOLDWIN INC," 2,400 ",Consumer Non-Durables,13%,3.6,22.4,22,5.5,17%,28%,53%,55%
277,91,398,3116,3116,TOYOTA BOSHOKU CORP," 2,359 ",Producer Manufacturing,-12%,0.2,13.6,4.9,0.9,3%,7%,10%,18%
279,331,176,9468,9468,KADOKAWA CORPORATION," 2,339 ",Technology Services,-11%,1.6,20.6,26.4,2.2,6%,12%,36%,23%
386,478,45,3697,3697,SHIFT INC," 2,332 ",Technology Services,-19%,5.3,68.9,53.1,13.3,13%,21%,31%,50%
266,9,491,9508,9508,KYUSHU ELECTRIC POWER CO INC," 2,332 ",Utilities,-15%,0.2,,,0.6,-1%,-7%,-1%,4%
33,448,162,1414,1414,SHO-BOND HOLDINGS CO LTD," 2,332 ",Industrial Services,34%,4.2,27.7,,3.6,11%,13%,28%,19%
197,32,284,3405,3405,KURARAY CO," 2,318 ",Process Industries,-4%,0.6,7,,0.6,4%,9%,32%,17%
107,380,372,4666,4666,PARK 24 CO LTD," 2,318 ",Consumer Services,10%,1.2,102.8,12,19.1,1%,12%,22%,11%
472,365,159,6005,6005,MIURA CO LTD," 2,318 ",Producer Manufacturing,-31%,2.4,23.4,27,2.1,7%,9%,41%,25%
397,466,83,4921,4921,FANCL CORP," 2,318 ",Consumer Non-Durables,-21%,3.3,54.7,66.3,4.7,6%,9%,67%,68%
489,39,448,7205,7205,HINO MOTORS," 2,311 ",Producer Manufacturing,-49%,0.2,,8.7,0.7,-7%,-18%,17%,19%
230,120,330,6302,6302,SUMITOMO HEAVY INDUSTRIES," 2,305 ",Producer Manufacturing,-6%,0.4,7.5,70.5,0.6,4%,8%,22%,18%
499,482,10,2412,2412,BENEFIT ONE INC," 2,305 ",Commercial Services,-61%,8.9,38.2,77.9,13.6,22%,49%,54%,41%
44,336,483,9044,9044,NANKAI ELECTRIC RAILWAY CO," 2,298 ",Transportation,30%,1.7,48.4,16.9,1.4,1%,3%,11%,2%
340,201,296,2212,2212,YAMAZAKI BAKING LTD," 2,277 ",Consumer Non-Durables,-14%,0.3,28.2,20.7,1,2%,4%,34%,48%
417,426,148,4733,4733,OBIC BUSINESS CONSULTANT," 2,277 ",Technology Services,-24%,9.7,27.6,29.7,2.5,7%,9%,85%,17%
306,211,242,2809,2809,KEWPIE CORP," 2,264 ",Consumer Non-Durables,-6%,0.8,18.5,12.9,1.4,5%,7%,30%,31%
342,302,122,7164,7164,ZENKOKU HOSHO CO LTD," 2,250 ",Finance,-11%,6.8,11.8,15.3,1.8,7%,16%,86%,10%
257,388,113,8876,8876,RELO GROUP INC," 2,243 ",Finance,-9%,2.2,21.4,24.5,6,5%,34%,43%,19%
240,109,437,6473,6473,JTEKT CORPORATION," 2,243 ",Producer Manufacturing,-8%,0.2,18.4,17.5,0.5,1%,3%,14%,17%
380,49,368,5110,5110,SUMITOMO RUBBER INDUSTRIES," 2,229 ",Consumer Durables,-15%,0.3,12.5,,0.7,2%,5%,25%,21%
259,253,234,2327,2327,NS SOLUTIONS CORPORATION," 2,223 ",Technology Services,-5%,1.2,16.7,15.5,1.7,7%,11%,22%,20%
194,264,106,8056,8056,BIPROGY INC," 2,209 ",Distribution Services,3%,1,15.5,15.1,2.5,9%,18%,26%,33%
149,305,389,8410,8410,SEVEN BANK LTD," 2,209 ",Finance,11%,2.4,15.7,25.3,1.3,2%,9%,,
35,47,416,5901,5901,TOYO SEIKAN GROUP HOLDINGS LIMITED," 2,188 ",Process Industries,28%,0.4,7.5,15.2,0.5,4%,7%,12%,10%
172,383,392,6755,6755,FUJITSU GENERAL," 2,175 ",Producer Manufacturing,8%,1.1,94.3,,2.5,1%,3%,22%,24%
327,231,188,7988,7988,NIFCO INC," 2,175 ",Process Industries,-11%,1.1,12.7,17.5,1.6,8%,13%,27%,22%
121,184,376,3086,3086,J FRONT RETAILING CO LTD," 2,168 ",Retail Trade,12%,1,19.9,7.1,0.9,1%,5%,47%,10%
15,118,342,8233,8233,TAKASHIMAYA CO," 2,154 ",Retail Trade,67%,0.5,15.6,,0.8,2%,6%,40%,17%
30,479,238,8136,8136,SANRIO CO LTD," 2,140 ",Retail Trade,43%,6,183.6,52.6,7.3,2%,4%,66%,35%
208,83,341,8570,8570,AEON FINANCIAL SERVICE CO LIMITED," 2,113 ",Finance,-4%,0.7,10.3,,0.7,0%,7%,85%,6%
394,102,193,8088,8088,IWATANI CORPORATION," 2,106 ",Distribution Services,-20%,0.4,9.8,,1.1,6%,12%,26%,28%
408,340,206,6952,6952,CASIO COMPUTER CO," 2,106 ",Consumer Durables,-23%,1.3,20.1,252.9,1.4,5%,7%,43%,31%
393,117,399,1944,1944,KINDEN CORPORATION," 2,106 ",Industrial Services,-21%,0.5,12.6,16.1,0.6,4%,5%,17%,15%
84,208,387,9364,9364,KAMIGUMI CO LTD," 2,099 ",Transportation,21%,1.3,15.2,18,0.9,5%,6%,18%,11%
186,149,298,6481,6481,THK CO LTD," 2,086 ",Producer Manufacturing,-3%,1,10.5,,1,6%,10%,26%,14%
322,1,497,9506,9506,TOHOKU ELECTRIC POWER CO INC," 2,079 ",Utilities,-22%,0.1,,,0.4,-3%,-20%,-3%,2%
336,95,352,1721,1721,COMSYS HOLDINGS CORP," 2,079 ",Industrial Services,-16%,0.5,11.7,,0.9,6%,8%,13%,17%
8,22,178,5021,5021,COSMO ENERGY HLDGS CO LTD," 2,072 ",Energy Minerals,54%,0.2,2,5,0.7,9%,44%,18%,16%
471,494,158,4483,4483,JMDC INC," 2,065 ",Technology Services,-42%,13.3,83.7,120.6,8.8,6%,12%,58%,18%
212,156,450,8304,8304,AOZORA BANK," 2,058 ",Finance,-6%,2.3,9.4,,0.6,0%,6%,,
378,128,347,9533,9533,TOHO GAS CO," 2,045 ",Utilities,-22%,0.6,14.8,,0.8,3%,5%,29%,18%
496,402,175,3563,3563,FOOD & LIFE COMPANIES LTD," 2,031 ",Consumer Services,-47%,1.2,37.1,36.1,4.5,2%,12%,45%,34%
79,81,484,7167,7167,MEBUKI FINANCIAL GROUP INC," 2,024 ",Finance,22%,1.4,8.1,,0.3,0%,4%,,
110,400,59,4812,4812,INFORMATION SERVICES INTL-DENTSU," 2,024 ",Technology Services,14%,2.7,25.8,18.6,4.6,11%,17%,37%,35%
315,367,279,7947,7947,FP CORP," 2,017 ",Producer Manufacturing,-6%,1.5,28.8,,2.3,4%,8%,31%,21%
373,223,260,2871,2871,NICHIREI CORP," 2,017 ",Process Industries,-20%,0.5,12.9,49.6,1.4,5%,11%,17%,23%
392,351,266,4530,4530,HISAMITSU PHARMACEUTICAL CO INC," 2,004 ",Health Technology,-13%,2.5,26.1,34,1.1,4%,4%,57%,21%
281,45,315,9404,9404,NIPPON TELEVISION HOLDINGS INC," 1,997 ",Consumer Services,-10%,0.7,6.5,8.7,0.3,5%,6%,37%,15%
196,93,446,7282,7282,TOYODA GOSEI," 1,983 ",Producer Manufacturing,-4%,0.4,17.4,,0.7,2%,4%,11%,13%
130,74,259,5714,5714,DOWA HOLDINGS," 1,976 ",Non-Energy Minerals,-1%,0.4,6.6,13.2,0.9,7%,14%,13%,16%
409,246,32,6849,6849,NIHON KOHDEN CORP," 1,949 ",Health Technology,-9%,1.4,12.8,13.6,1.8,12%,15%,51%,53%
14,251,165,6417,6417,SANKYO CO LTD," 1,942 ",Producer Manufacturing,76%,3.5,11.7,15.9,1.1,9%,9%,56%,16%
185,116,430,2784,2784,ALFRESA HOLDINGS CORP," 1,922 ",Distribution Services,0%,0.1,11.1,35.2,0.7,2%,6%,7%,13%
283,407,99,8114,8114,DESCENTE LTD," 1,901 ",Consumer Non-Durables,-5%,2.6,38,19.6,3.3,7%,9%,56%,52%
308,200,202,6728,6728,ULVAC INC," 1,901 ",Electronic Technology,-10%,1.1,13.4,10.4,1.4,6%,11%,31%,21%
463,469,15,2175,2175,SMS CO LTD," 1,901 ",Commercial Services,-26%,7.1,46.5,33.9,9.1,10%,20%,82%,53%
171,362,141,6966,6966,MITSUI HIGH TEC INC," 1,887 ",Electronic Technology,1%,1.9,14.8,,4.4,14%,28%,21%,17%
273,239,161,5929,5929,SANWA HOLDINGS CORP," 1,887 ",Producer Manufacturing,-13%,0.6,12,73.8,1.4,6%,12%,29%,35%
339,232,287,2810,2810,HOUSE FOODS GROUP INC," 1,887 ",Consumer Non-Durables,-17%,1.1,20.6,,1,4%,5%,37%,25%
188,55,455,9987,9987,SUZUKEN CO LTD," 1,887 ",Health Technology,-4%,0.1,16,,0.7,2%,4%,7%,14%
354,293,226,9449,9449,GMO INTERNET GROUP INC," 1,881 ",Technology Services,-15%,1.2,12.2,,3.9,2%,31%,58%,9%
352,131,299,4061,4061,DENKA COMPANY LIMITED," 1,867 ",Process Industries,-18%,0.7,11.4,,1,4%,9%,27%,19%
129,35,380,5076,5076,INFRONEER HLDGS INC," 1,860 ",Industrial Services,9%,0.4,8.2,,0.8,4%,11%,14%,10%
292,314,359,3360,3360,SHIP HEALTH CARE HOLDINGS INC," 1,860 ",Distribution Services,0%,0.6,24.6,37.3,2.3,4%,11%,10%,16%
473,329,63,6951,6951,JEOL LTD," 1,853 ",Health Technology,-36%,1.9,18,17,3.1,9%,21%,40%,29%
45,234,243,5444,5444,YAMATO KOGYO CO," 1,846 ",Non-Energy Minerals,21%,1.9,5.4,160,0.8,13%,15%,18%,6%
498,499,42,3923,3923,RAKUS CO LTD," 1,840 ",Technology Services,-56%,13.1,296.6,,31.5,8%,11%,68%,120%
303,188,184,4205,4205,ZEON CORPORATION," 1,826 ",Process Industries,-14%,0.8,8.9,64.5,0.9,7%,10%,33%,24%
443,490,311,9519,9519,RENOVA INC," 1,826 ",Utilities,-31%,9.5,57.3,,8.6,2%,15%,38%,4%
183,364,233,2811,2811,KAGOME CO LTD," 1,812 ",Consumer Non-Durables,3%,1.4,30.9,,2.3,4%,7%,35%,32%
275,88,379,3401,3401,TEIJIN LTD," 1,799 ",Process Industries,-13%,0.3,13.4,14.4,0.6,2%,5%,28%,19%
376,167,373,8283,8283,PALTAC CORP," 1,799 ",Distribution Services,-20%,0.2,13.4,35.7,1.1,4%,8%,8%,17%
332,34,388,9401,9401,TBS HOLDINGS INC," 1,792 ",Consumer Services,-16%,0.8,8.5,,0.3,3%,4%,32%,11%
52,175,390,2501,2501,SAPPORO HOLDINGS LIMITED," 1,751 ",Consumer Non-Durables,29%,0.6,,11.5,1.6,0%,0%,30%,23%
304,53,69,5105,5105,TOYO TIRE CORPORATION," 1,751 ",Consumer Durables,-12%,0.6,4.9,,0.9,10%,18%,42%,26%
135,148,419,9301,9301,MITSUBISHI LOGISTICS CORP," 1,744 ",Transportation,4%,1.1,12.1,,0.8,4%,7%,11%,5%
310,5,412,5711,5711,MITSUBISHI MATERIALS CORP," 1,730 ",Producer Manufacturing,-15%,0.1,4.9,,0.4,3%,9%,11%,10%
187,76,267,4202,4202,DAICEL CORPORATION," 1,730 ",Process Industries,-4%,0.5,9,,0.9,4%,10%,29%,19%
180,261,381,6592,6592,MABUCHI MOTOR CO," 1,710 ",Producer Manufacturing,0%,1.9,18,,1,5%,5%,24%,11%
427,358,126,7518,7518,NET ONE SYSTEMS CO," 1,710 ",Technology Services,-20%,1.3,22.7,,3.6,7%,16%,27%,31%
147,41,425,8424,8424,FUYO GENERAL LEASE CO LTD," 1,696 ",Finance,9%,0.4,7.4,1.8,0.8,1%,11%,12%,3%
26,289,300,9749,9749,FUJI SOFT INCORPORATED," 1,696 ",Technology Services,35%,1,24,16.1,2,4%,8%,22%,24%
150,388,55,7716,7716,NAKANISHI INC," 1,689 ",Health Technology,11%,5.4,21.2,24.7,2.9,12%,13%,62%,27%
414,180,146,6856,6856,HORIBA LTD," 1,689 ",Producer Manufacturing,-22%,1.1,10.3,15.6,1.2,6%,11%,42%,23%
222,210,156,8279,8279,YAOKO CO LTD," 1,689 ",Retail Trade,-4%,0.5,17.5,,1.9,5%,12%,28%,47%
456,420,5,4552,4552,JCR PHARMACEUTICAL CO," 1,675 ",Health Technology,-32%,4.9,17.3,,4.9,17%,32%,78%,44%
425,2,497,9504,9504,CHUGOKU ELECTRIC POWER CO INC," 1,675 ",Utilities,-32%,0.2,,,0.4,-2%,-11%,-1%,-1%
248,495,486,9010,9010,FUJI KYUKO CO LTD," 1,675 ",Transportation,-1%,7.1,417.3,134.3,10.5,1%,3%,7%,2%
73,30,337,8253,8253,CREDIT SAISON CO," 1,675 ",Finance,7%,0.7,6.5,,0.5,1%,7%,80%,7%
91,325,151,4681,4681,RESORTTRUST INC," 1,675 ",Consumer Services,13%,1.6,23.3,15.9,2.5,3%,11%,83%,30%
109,343,68,3397,3397,TORIDOLL HOLDINGS CORPORATION," 1,662 ",Consumer Services,1%,1.6,27.2,8.1,4.9,4%,20%,75%,38%
395,459,76,8919,8919,KATITAS CO LTD," 1,662 ",Consumer Durables,-23%,2.4,34.3,,7.3,12%,22%,24%,40%
117,487,27,2222,2222,KOTOBUKI SPIRITS," 1,655 ",Consumer Non-Durables,6%,8,87,69.3,12.6,11%,15%,57%,64%
318,8,321,2579,2579,COCA COLA BOTTLERS JAPAN INC," 1,655 ",Consumer Non-Durables,-16%,0.3,,,0.5,-1%,-2%,44%,37%
426,249,228,1973,1973,NEC NETWORKS & SYSTEM INTEGRATION," 1,648 ",Technology Services,-23%,0.8,17.5,20,1.8,6%,11%,20%,26%
19,363,440,9616,9616,KYORITSU MAINTENANCE," 1,641 ",Consumer Services,47%,1.4,62.4,12.6,3.5,2%,6%,15%,9%
243,46,414,5406,5406,KOBE STEEL," 1,641 ",Non-Energy Minerals,-9%,0.1,3.7,43.3,0.3,2%,8%,14%,11%
209,132,188,8282,8282,K'S HOLDINGS CORPORATION," 1,641 ",Retail Trade,-2%,0.3,9.2,43,0.8,6%,9%,26%,46%
391,51,344,1951,1951,EXEO GROUP INC," 1,634 ",Industrial Services,-18%,0.4,9.7,,0.8,5%,9%,14%,17%
22,73,209,5803,5803,FUJIKURA," 1,628 ",Producer Manufacturing,31%,0.4,5.9,7,1.1,7%,20%,19%,19%
155,31,370,8012,8012,NAGASE & CO," 1,628 ",Distribution Services,5%,0.3,9.2,,0.7,4%,8%,17%,17%
89,496,102,7071,7071,AMVIS HOLDINGS INC," 1,628 ",Health Services,15%,14.8,59.9,,14.1,11%,22%,42%,16%
333,23,275,4118,4118,KANEKA CORP," 1,621 ",Process Industries,-18%,0.3,8.2,,0.6,4%,8%,28%,25%
43,177,487,8359,8359,HACHIJUNI BANK," 1,621 ",Finance,24%,1.8,9.7,35,0.3,0%,3%,,
11,347,75,8174,8174,NIPPON GAS CO LTD," 1,621 ",Utilities,45%,1.5,22.6,21.8,3.4,8%,16%,38%,38%
161,355,432,6412,6412,HEIWA CORP," 1,621 ",Consumer Services,16%,2,48.2,32.4,1.1,1%,2%,29%,8%
268,306,132,4186,4186,TOKYO OHKA KOGYO CO," 1,614 ",Producer Manufacturing,-11%,1.8,11.8,51.9,1.6,10%,13%,34%,20%
337,262,213,4540,4540,TSUMURA & CO," 1,614 ",Health Technology,-12%,1.8,11.7,39.2,1,6%,8%,51%,18%
285,62,328,5214,5214,NIPPON ELECTRIC GLASS," 1,607 ",Electronic Technology,-11%,0.8,6.1,11.2,0.5,5%,8%,30%,11%
384,439,94,7956,7956,PIGEON CORP," 1,607 ",Consumer Non-Durables,-24%,2.6,31.8,,3.3,8%,10%,46%,42%
106,369,331,6406,6406,FUJITEC CO LTD," 1,607 ",Producer Manufacturing,17%,1.3,23.4,104.1,1.9,5%,8%,21%,18%
296,89,400,4676,4676,FUJI MEDIA HOLDING," 1,600 ",Consumer Services,-13%,0.4,8.3,33.4,0.3,2%,4%,30%,12%
347,27,406,5233,5233,TAIHEIYO CEMENT CORP," 1,600 ",Non-Energy Minerals,-18%,0.3,10.7,,0.5,2%,4%,23%,14%
415,112,378,9065,9065,SANKYU INC," 1,593 ",Transportation,-21%,0.5,10.9,10.2,1,5%,10%,10%,11%
213,391,286,7458,7458,DAIICHIKOSHO CO," 1,580 ",Distribution Services,3%,2.4,26,33.1,2.2,5%,9%,32%,16%
198,80,433,1860,1860,TODA CORP," 1,566 ",Industrial Services,0%,0.5,12.4,,0.7,3%,6%,13%,9%
156,267,438,9031,9031,NISHI-NIPPON RAILROAD CO," 1,566 ",Transportation,6%,0.5,16.8,78.1,1.4,2%,8%,10%,5%
127,341,440,9003,9003,SOTETSU HOLDINGS INC," 1,566 ",Transportation,7%,1.1,64.3,,1.7,1%,3%,27%,8%
410,165,456,4631,4631,DIC CORPORATION," 1,566 ",Process Industries,-23%,0.3,84.6,,0.7,0%,1%,20%,14%
435,442,141,7476,7476,AS ONE CORPORATION," 1,559 ",Distribution Services,-22%,2.6,31.1,58.1,3.4,8%,12%,30%,28%
179,15,336,6770,6770,ALPS ALPINE CO LTD," 1,552 ",Electronic Technology,-7%,0.3,7.6,,0.6,4%,8%,18%,21%
48,295,49,7846,7846,PILOT CORP(NEW).PORSCHE INN.LEASE O," 1,552 ",Producer Manufacturing,35%,2.2,13.8,12.2,2.3,11%,16%,53%,33%
263,266,381,9627,9627,AIN HOLDINGS INC," 1,546 ",Retail Trade,-5%,0.7,29.9,11.2,1.9,3%,6%,15%,20%
314,187,164,2432,2432,DENA CO LTD," 1,539 ",Technology Services,-13%,1.7,9.6,15.9,0.9,7%,10%,50%,19%
300,170,256,4401,4401,ADEKA CORPORATION," 1,525 ",Producer Manufacturing,-14%,0.6,9.2,54.6,0.9,5%,10%,26%,21%
317,278,181,3549,3549,KUSURI NO AOKI HOLDINGS CO LTD," 1,518 ",Retail Trade,-6%,0.7,19.3,,2.6,5%,14%,25%,33%
372,428,168,9793,9793,DAISEKI CO LTD," 1,511 ",Industrial Services,-17%,3.9,26.2,40,2.9,8%,11%,34%,19%
264,285,369,5631,5631,JAPAN STEEL WORKS," 1,511 ",Producer Manufacturing,-9%,1.1,20,26.6,1.5,4%,8%,21%,15%
411,3,356,4902,4902,KONICA MINOLTA INC," 1,511 ",Electronic Technology,-27%,0.2,,,0.4,-3%,-6%,43%,28%
451,440,118,7780,7780,MENICON CO LTD," 1,504 ",Health Technology,-29%,2.4,34.8,,3.3,5%,11%,53%,36%
407,318,354,9605,9605,TOEI CO LTD," 1,504 ",Consumer Services,-21%,1.9,21.5,32.9,1.1,3%,5%,39%,13%
288,457,19,2379,2379,DIP CORPORATION," 1,498 ",Commercial Services,-7%,5.5,43.8,27.8,6.7,12%,15%,89%,77%
374,217,240,2206,2206,EZAKI GLICO CO," 1,498 ",Consumer Non-Durables,-19%,0.6,21.2,27.8,0.9,3%,4%,42%,42%
214,87,468,5830,5830,IYOGIN HOLDINGS INC," 1,484 ",Finance,4%,1.8,6.8,,0.3,0%,5%,,
357,371,307,6588,6588,TOSHIBA TEC CORP," 1,484 ",Electronic Technology,-16%,0.5,399.6,273.3,2,0%,0%,39%,56%
203,163,207,7984,7984,KOKUYO CO LTD," 1,463 ",Producer Manufacturing,2%,0.7,13.2,15.5,0.9,5%,7%,37%,36%
404,332,66,6754,6754,ANRITSU CORP," 1,463 ",Electronic Technology,-21%,2.1,16.1,30.2,1.9,9%,12%,52%,35%
371,39,197,8273,8273,IZUMI CO LTD," 1,457 ",Retail Trade,-18%,0.3,9.4,,0.9,5%,9%,32%,35%
90,219,320,3048,3048,BIC CAMERA INC.," 1,457 ",Retail Trade,20%,0.3,36.8,13.1,1.6,1%,4%,27%,47%
362,103,448,9076,9076,SEINO HOLDINGS," 1,436 ",Transportation,-16%,0.4,12.7,19.3,0.5,3%,4%,11%,10%
297,476,69,7730,7730,MANI INC," 1,436 ",Health Technology,7%,10.4,40.2,72,4.7,11%,13%,62%,25%
249,100,348,4114,4114,NIPPON SHOKUBAI CO," 1,429 ",Process Industries,-10%,0.6,8.2,21.5,0.6,5%,8%,21%,15%
325,178,138,6141,6141,DMG MORI CO LTD," 1,429 ",Producer Manufacturing,-15%,0.5,12.6,7.1,2.2,3%,16%,51%,28%
385,260,306,9783,9783,BENESSE HOLDINGS INC," 1,422 ",Consumer Services,-18%,0.5,116.6,14.5,1.4,0%,1%,45%,37%
25,354,104,1377,1377,SAKATA SEED CORP," 1,422 ",Non-Energy Minerals,37%,2.8,16.8,46.1,1.6,8%,10%,59%,26%
103,207,272,5463,5463,MARUICHI STEEL TUBE," 1,416 ",Producer Manufacturing,11%,1.1,8.4,207.2,0.8,8%,10%,22%,14%
469,133,132,2531,2531,TAKARA HOLDINGS INC," 1,416 ",Consumer Non-Durables,-35%,0.7,10.1,,1.2,6%,12%,36%,32%
309,220,254,4206,4206,AICA KOGYO CO," 1,409 ",Process Industries,-12%,1,15.5,,1.4,6%,10%,24%,21%
227,98,408,3941,3941,RENGO CO," 1,402 ",Process Industries,-4%,0.3,9.3,33.9,0.6,2%,7%,17%,14%
482,488,246,4587,4587,PEPTIDREAM INC," 1,402 ",Health Technology,-41%,22.3,117.2,60.4,8.3,5%,8%,61%,13%
62,221,413,1820,1820,NISHIMATSU CONSTRUCTION CO," 1,402 ",Consumer Durables,10%,0.6,11.8,233.8,1,3%,8%,13%,10%
420,62,288,1959,1959,KYUDENKO CORP," 1,395 ",Industrial Services,-22%,0.6,8.4,,0.9,7%,11%,15%,16%
200,164,444,7313,7313,TS TECH CO.LTD.," 1,388 ",Consumer Durables,0%,0.6,25.1,,0.7,2%,3%,14%,13%
270,195,454,1893,1893,PENTA OCEAN CONSTRUCTION," 1,388 ",Industrial Services,-8%,0.5,22.1,,1.3,2%,6%,8%,8%
475,84,195,2264,2264,MORINAGA MILK INDUSTRY CO," 1,381 ",Consumer Non-Durables,-37%,0.4,7.4,14.4,0.9,6%,13%,24%,26%
348,254,117,3148,3148,CREATE SD HOLDINGS CO LTD," 1,375 ",Retail Trade,-12%,0.6,16.1,32.5,1.9,7%,12%,26%,51%
13,296,89,3186,3186,NEXTAGE CO LTD," 1,368 ",Retail Trade,22%,0.7,15.9,,4.9,11%,29%,19%,40%
483,312,13,4974,4974,TAKARA BIO INC," 1,368 ",Health Technology,-45%,3,11.4,,2.1,17%,20%,69%,43%
140,357,64,9744,9744,MEITEC CORPORATION," 1,368 ",Commercial Services,11%,1.8,19.6,22,4.3,13%,23%,27%,37%
250,375,276,8628,8628,MATSUI SECURITIES CO," 1,368 ",Finance,-7%,6,21.2,18.2,2.5,1%,12%,88%,3%
329,169,427,2607,2607,FUJI OIL HOLDINGS INC," 1,368 ",Consumer Non-Durables,-15%,0.5,20.4,,1.1,2%,5%,14%,13%
458,202,374,5301,5301,TOKAI CARBON CO," 1,361 ",Producer Manufacturing,-37%,0.8,10.2,94.6,0.9,4%,8%,24%,10%
3,281,24,4980,4980,DEXERIALS CORPORATION," 1,361 ",Electronic Technology,47%,2.1,10.7,11.7,3,17%,31%,46%,36%
207,382,57,9746,9746,TKC CORPORATION," 1,354 ",Technology Services,10%,3,22.1,32.6,2.4,9%,10%,71%,44%
497,486,384,3994,3994,MONEY FORWARD INC," 1,354 ",Technology Services,-47%,12.1,,,5,-13%,-21%,63%,17%
5,62,471,1662,1662,JAPAN PETROLEUM EXPLORATION CO LTD," 1,347 ",Energy Minerals,73%,0.8,,,0.6,-4%,-6%,21%,9%
69,105,500,8418,8418,YAMAGUCHI FINANCIAL GROUP INC," 1,340 ",Finance,19%,1.4,,,0.3,0%,-2%,,
49,458,73,6055,6055,JAPAN MATERIAL CO LTD," 1,340 ",Process Industries,25%,5,26.2,,5.1,17%,21%,32%,26%
10,327,40,5344,5344,MARUWA CO LTD," 1,334 ",Producer Manufacturing,40%,3.6,12.7,19.8,2.4,17%,20%,51%,28%
441,155,349,8585,8585,ORIENT CORP," 1,327 ",Finance,-29%,0.9,14.5,3.4,0.9,0%,7%,84%,6%
490,370,24,4686,4686,JUSTSYSTEMS CORPORATION," 1,327 ",Technology Services,-49%,4.7,15.6,28.5,2.7,14%,18%,77%,34%
262,474,28,4919,4919,MILBON CO LTD," 1,320 ",Consumer Non-Durables,-12%,4.7,35.3,207.7,4.9,11%,14%,66%,54%
242,77,473,7337,7337,HIROGIN HOLDINGS INC," 1,320 ",Finance,-3%,1.4,7.8,,0.4,0%,5%,,
224,167,245,4272,4272,NIPPON KAYAKU CO," 1,320 ",Process Industries,-6%,1.1,10.9,20.9,0.8,6%,7%,35%,19%
269,135,319,2296,2296,ITOHAM YONEKYU HOLDINGS INC," 1,320 ",Consumer Non-Durables,-6%,0.2,10.7,57.7,0.7,4%,7%,15%,30%
280,60,423,7240,7240,NOK CORP," 1,320 ",Producer Manufacturing,-17%,0.3,9.3,21.3,0.4,3%,4%,16%,13%
254,209,35,2201,2201,MORINAGA & CO," 1,313 ",Consumer Non-Durables,-5%,1.1,7.3,34.9,1.5,13%,21%,41%,38%
486,143,365,3880,3880,DAIO PAPER CORP," 1,306 ",Process Industries,-43%,0.3,10.5,61.8,0.7,2%,7%,25%,18%
206,239,292,8515,8515,AIFUL CORP," 1,292 ",Finance,1%,1.5,14.3,,1.2,1%,9%,92%,11%
328,387,114,3387,3387,CREATE RESTAURANTS HOLDINGS INC," 1,286 ",Consumer Services,-15%,2.2,39.1,5.5,8,3%,19%,56%,30%
355,151,270,4203,4203,SUMITOMO BAKELITE CO," 1,279 ",Health Technology,-20%,0.7,10.7,21.3,0.8,5%,8%,30%,20%
289,12,376,4208,4208,UBE CORPORATION," 1,279 ",Process Industries,-14%,0.3,7.4,,0.5,3%,7%,19%,17%
432,137,141,6134,6134,FUJI CORPORATION," 1,279 ",Producer Manufacturing,-25%,1.3,9.1,,0.9,9%,10%,39%,23%
170,454,30,4928,4928,NOEVIR HLDGS CO LTD," 1,272 ",Consumer Non-Durables,-1%,3.7,25.5,108,3.7,10%,15%,68%,43%
464,257,37,2782,2782,SERIA CO LTD," 1,272 ",Retail Trade,-36%,0.9,13.6,25.9,2,12%,15%,41%,71%
133,78,325,5991,5991,NHK SPRING CO LTD," 1,272 ",Producer Manufacturing,-4%,0.3,5.4,35.7,0.6,6%,11%,12%,12%
287,276,125,6436,6436,AMANO CORPORATION," 1,265 ",Electronic Technology,-6%,1.6,18.6,13.5,1.6,7%,9%,46%,34%
18,315,317,4680,4680,ROUND ONE CORP," 1,258 ",Consumer Services,37%,1.9,18.9,6.6,3.4,6%,21%,7%,1%
442,471,276,1407,1407,WEST HOLDINGS CORP," 1,251 ",Utilities,-28%,2.7,43,,6.7,4%,16%,22%,14%
412,166,408,4887,4887,SAWAI GROUP HOLDINGS CO LTD," 1,245 ",Health Technology,-18%,1,,13.8,1,-8%,-15%,33%,18%